Company Name,Industry,Symbol,yahoo finance symbol
3M India Ltd.,Diversified,3MINDIA,3MINDIA.NS
ABB India Ltd.,Capital Goods,ABB,ABB.NS
ACC Ltd.,Construction Materials,ACC,ACC.NS
AIA Engineering Ltd.,Capital Goods,AIAENG,AIAENG.NS
APL Apollo Tubes Ltd.,Capital Goods,APLAPOLLO,APLAPOLLO.NS
AU Small Finance Bank Ltd.,Financial Services,AUBANK,AUBANK.NS
Aarti Drugs Ltd.,Healthcare,AARTIDRUGS,AARTIDRUGS.NS
Aarti Industries Ltd.,Chemicals,AARTIIND,AARTIIND.NS
Aavas Financiers Ltd.,Financial Services,AAVAS,AAVAS.NS
Abbott India Ltd.,Healthcare,ABBOTINDIA,ABBOTINDIA.NS
Adani Enterprises Ltd.,Metals & Mining,ADANIENT,ADANIENT.NS
Adani Green Energy Ltd.,Power,ADANIGREEN,ADANIGREEN.NS
Adani Ports and Special Economic Zone Ltd.,Services,ADANIPORTS,ADANIPORTS.NS
Adani Total Gas Ltd.,Oil Gas & Consumable Fuels,ATGL,ATGL.NS
Adani Transmission Ltd.,Power,ADANITRANS,ADANITRANS.NS
Aditya Birla Capital Ltd.,Financial Services,ABCAPITAL,ABCAPITAL.NS
Aditya Birla Fashion and Retail Ltd.,Consumer Services,ABFRL,ABFRL.NS
Aditya Birla Sun Life AMC Ltd.,Financial Services,ABSLAMC,ABSLAMC.NS
Advanced Enzyme Tech Ltd.,Fast Moving Consumer Goods,ADVENZYMES,ADVENZYMES.NS
Aegis Logistics Ltd.,Oil Gas & Consumable Fuels,AEGISCHEM,AEGISCHEM.NS
Affle (India) Ltd.,Information Technology,AFFLE,AFFLE.NS
Ajanta Pharmaceuticals Ltd.,Healthcare,AJANTPHARM,AJANTPHARM.NS
Alembic Pharmaceuticals Ltd.,Healthcare,APLLTD,APLLTD.NS
Alkem Laboratories Ltd.,Healthcare,ALKEM,ALKEM.NS
Alkyl Amines Chemicals Ltd.,Chemicals,ALKYLAMINE,ALKYLAMINE.NS
Allcargo Logistics Ltd.,Services,ALLCARGO,ALLCARGO.NS
Alok Industries Ltd.,Textiles,ALOKINDS,ALOKINDS.NS
Amara Raja Batteries Ltd.,Automobile and Auto Components,AMARAJABAT,AMARAJABAT.NS
Amber Enterprises India Ltd.,Consumer Durables,AMBER,AMBER.NS
Ambuja Cements Ltd.,Construction Materials,AMBUJACEM,AMBUJACEM.NS
Angel One Ltd.,Financial Services,ANGELONE,ANGELONE.NS
Anupam Rasayan India Ltd.,Chemicals,ANURAS,ANURAS.NS
Apollo Hospitals Enterprise Ltd.,Healthcare,APOLLOHOSP,APOLLOHOSP.NS
Apollo Tyres Ltd.,Automobile and Auto Components,APOLLOTYRE,APOLLOTYRE.NS
Aptus Value Housing Finance India Ltd.,Financial Services,APTUS,APTUS.NS
Asahi India Glass Ltd.,Automobile and Auto Components,ASAHIINDIA,ASAHIINDIA.NS
Ashok Leyland Ltd.,Capital Goods,ASHOKLEY,ASHOKLEY.NS
Asian Paints Ltd.,Consumer Durables,ASIANPAINT,ASIANPAINT.NS
Aster DM Healthcare Ltd.,Healthcare,ASTERDM,ASTERDM.NS
AstraZenca Pharma India Ltd.,Healthcare,ASTRAZEN,ASTRAZEN.NS
Astral Ltd.,Capital Goods,ASTRAL,ASTRAL.NS
Atul Ltd.,Chemicals,ATUL,ATUL.NS
Aurobindo Pharma Ltd.,Healthcare,AUROPHARMA,AUROPHARMA.NS
Avanti Feeds Ltd.,Fast Moving Consumer Goods,AVANTIFEED,AVANTIFEED.NS
Avenue Supermarts Ltd.,Consumer Services,DMART,DMART.NS
Axis Bank Ltd.,Financial Services,AXISBANK,AXISBANK.NS
BASF India Ltd.,Chemicals,BASF,BASF.NS
BSE Ltd.,Financial Services,BSE,BSE.NS
Bajaj Auto Ltd.,Automobile and Auto Components,BAJAJ-AUTO,BAJAJ-AUTO.NS
Bajaj Electricals Ltd,Consumer Durables,BAJAJELEC,BAJAJELEC.NS
Bajaj Finance Ltd.,Financial Services,BAJFINANCE,BAJFINANCE.NS
Bajaj Finserv Ltd.,Financial Services,BAJAJFINSV,BAJAJFINSV.NS
Bajaj Holdings & Investment Ltd.,Financial Services,BAJAJHLDNG,BAJAJHLDNG.NS
Balaji Amines Ltd.,Chemicals,BALAMINES,BALAMINES.NS
Balkrishna Industries Ltd.,Automobile and Auto Components,BALKRISIND,BALKRISIND.NS
Balrampur Chini Mills Ltd.,Fast Moving Consumer Goods,BALRAMCHIN,BALRAMCHIN.NS
Bandhan Bank Ltd.,Financial Services,BANDHANBNK,BANDHANBNK.NS
Bank of Baroda,Financial Services,BANKBARODA,BANKBARODA.NS
Bank of India,Financial Services,BANKINDIA,BANKINDIA.NS
Bank of Maharashtra,Financial Services,MAHABANK,MAHABANK.NS
Bata India Ltd.,Consumer Durables,BATAINDIA,BATAINDIA.NS
Bayer Cropscience Ltd.,Chemicals,BAYERCROP,BAYERCROP.NS
Berger Paints India Ltd.,Consumer Durables,BERGEPAINT,BERGEPAINT.NS
Bharat Dynamics Ltd.,Capital Goods,BDL,BDL.NS
Bharat Electronics Ltd.,Capital Goods,BEL,BEL.NS
Bharat Forge Ltd.,Capital Goods,BHARATFORG,BHARATFORG.NS
Bharat Heavy Electricals Ltd.,Capital Goods,BHEL,BHEL.NS
Bharat Petroleum Corporation Ltd.,Oil Gas & Consumable Fuels,BPCL,BPCL.NS
Bharti Airtel Ltd.,Telecommunication,BHARTIARTL,BHARTIARTL.NS
Biocon Ltd.,Healthcare,BIOCON,BIOCON.NS
Birla Corporation Ltd.,Construction Materials,BIRLACORPN,BIRLACORPN.NS
Birlasoft Ltd.,Information Technology,BSOFT,BSOFT.NS
Blue Dart Express Ltd.,Services,BLUEDART,BLUEDART.NS
Blue Star Ltd.,Consumer Durables,BLUESTARCO,BLUESTARCO.NS
Bombay Burmah Trading Corporation Ltd.,Fast Moving Consumer Goods,BBTC,BBTC.NS
Borosil Renewables Ltd.,Capital Goods,BORORENEW,BORORENEW.NS
Bosch Ltd.,Automobile and Auto Components,BOSCHLTD,BOSCHLTD.NS
Brigade Enterprises Ltd.,Realty,BRIGADE,BRIGADE.NS
Brightcom Group Ltd.,Information Technology,BCG,BCG.NS
Britannia Industries Ltd.,Fast Moving Consumer Goods,BRITANNIA,BRITANNIA.NS
C.E. Info Systems Ltd.,Information Technology,MAPMYINDIA,MAPMYINDIA.NS
CCL Products (I) Ltd.,Fast Moving Consumer Goods,CCL,CCL.NS
CESC Ltd.,Power,CESC,CESC.NS
CG Power and Industrial Solutions Ltd.,Capital Goods,CGPOWER,CGPOWER.NS
CRISIL Ltd.,Financial Services,CRISIL,CRISIL.NS
CSB Bank Ltd.,Financial Services,CSBBANK,CSBBANK.NS
Can Fin Homes Ltd.,Financial Services,CANFINHOME,CANFINHOME.NS
Canara Bank,Financial Services,CANBK,CANBK.NS
Caplin Point Laboratories Ltd.,Healthcare,CAPLIPOINT,CAPLIPOINT.NS
Capri Global Capital Ltd.,Financial Services,CGCL,CGCL.NS
Carborundum Universal Ltd.,Capital Goods,CARBORUNIV,CARBORUNIV.NS
Castrol India Ltd.,Oil Gas & Consumable Fuels,CASTROLIND,CASTROLIND.NS
Ceat Ltd.,Automobile and Auto Components,CEATLTD,CEATLTD.NS
Central Bank of India,Financial Services,CENTRALBK,CENTRALBK.NS
Central Depository Services (India) Ltd.,Financial Services,CDSL,CDSL.NS
Century Plyboards (India) Ltd.,Consumer Durables,CENTURYPLY,CENTURYPLY.NS
Century Textile & Industries Ltd.,Forest Materials,CENTURYTEX,CENTURYTEX.NS
Cera Sanitaryware Ltd,Consumer Durables,CERA,CERA.NS
Chalet Hotels Ltd.,Consumer Services,CHALET,CHALET.NS
Chambal Fertilizers & Chemicals Ltd.,Chemicals,CHAMBLFERT,CHAMBLFERT.NS
Chemplast Sanmar Ltd.,Chemicals,CHEMPLASTS,CHEMPLASTS.NS
Cholamandalam Financial Holdings Ltd.,Financial Services,CHOLAHLDNG,CHOLAHLDNG.NS
Cholamandalam Investment and Finance Company Ltd.,Financial Services,CHOLAFIN,CHOLAFIN.NS
Cipla Ltd.,Healthcare,CIPLA,CIPLA.NS
City Union Bank Ltd.,Financial Services,CUB,CUB.NS
Clean Science and Technology Ltd.,Chemicals,CLEAN,CLEAN.NS
Coal India Ltd.,Oil Gas & Consumable Fuels,COALINDIA,COALINDIA.NS
Cochin Shipyard Ltd.,Capital Goods,COCHINSHIP,COCHINSHIP.NS
Coforge Ltd.,Information Technology,COFORGE,COFORGE.NS
Colgate Palmolive (India) Ltd.,Fast Moving Consumer Goods,COLPAL,COLPAL.NS
Computer Age Management Services Ltd.,Financial Services,CAMS,CAMS.NS
Container Corporation of India Ltd.,Services,CONCOR,CONCOR.NS
Coromandel International Ltd.,Chemicals,COROMANDEL,COROMANDEL.NS
CreditAccess Grameen Ltd.,Financial Services,CREDITACC,CREDITACC.NS
Crompton Greaves Consumer Electricals Ltd.,Consumer Durables,CROMPTON,CROMPTON.NS
Cummins India Ltd.,Capital Goods,CUMMINSIND,CUMMINSIND.NS
Cyient Ltd.,Information Technology,CYIENT,CYIENT.NS
DCM Shriram Ltd.,Diversified,DCMSHRIRAM,DCMSHRIRAM.NS
DLF Ltd.,Realty,DLF,DLF.NS
Dabur India Ltd.,Fast Moving Consumer Goods,DABUR,DABUR.NS
Dalmia Bharat Ltd.,Construction Materials,DALBHARAT,DALBHARAT.NS
Deepak Nitrite Ltd.,Chemicals,DEEPAKNTR,DEEPAKNTR.NS
Delta Corp Ltd.,Consumer Services,DELTACORP,DELTACORP.NS
Devyani International Ltd.,Consumer Services,DEVYANI,DEVYANI.NS
Dhani Services Ltd.,Financial Services,DHANI,DHANI.NS
Dilip Buildcon Ltd.,Construction,DBL,DBL.NS
Divi's Laboratories Ltd.,Healthcare,DIVISLAB,DIVISLAB.NS
Dixon Technologies (India) Ltd.,Consumer Durables,DIXON,DIXON.NS
Dr. Lal Path Labs Ltd.,Healthcare,LALPATHLAB,LALPATHLAB.NS
Dr. Reddy's Laboratories Ltd.,Healthcare,DRREDDY,DRREDDY.NS
E.I.D. Parry (India) Ltd.,Fast Moving Consumer Goods,EIDPARRY,EIDPARRY.NS
EIH Ltd.,Consumer Services,EIHOTEL,EIHOTEL.NS
EPL Ltd.,Capital Goods,EPL,EPL.NS
Easy Trip Planners Ltd.,Consumer Services,EASEMYTRIP,EASEMYTRIP.NS
Edelweiss Financial Services Ltd.,Financial Services,EDELWEISS,EDELWEISS.NS
Eicher Motors Ltd.,Automobile and Auto Components,EICHERMOT,EICHERMOT.NS
Elgi Equipments Ltd.,Capital Goods,ELGIEQUIP,ELGIEQUIP.NS
Emami Ltd.,Fast Moving Consumer Goods,EMAMILTD,EMAMILTD.NS
Endurance Technologies Ltd.,Automobile and Auto Components,ENDURANCE,ENDURANCE.NS
Engineers India Ltd.,Construction,ENGINERSIN,ENGINERSIN.NS
Equitas Holdings Ltd.,Financial Services,EQUITAS,EQUITAS.NS
Equitas Small Finance Bank Ltd.,Financial Services,EQUITASBNK,EQUITASBNK.NS
Eris Lifesciences Ltd.,Healthcare,ERIS,ERIS.NS
Escorts Ltd.,Capital Goods,ESCORTS,ESCORTS.NS
Exide Industries Ltd.,Automobile and Auto Components,EXIDEIND,EXIDEIND.NS
FDC Ltd.,Healthcare,FDC,FDC.NS
FSN E-Commerce Ventures Ltd.,Consumer Services,NYKAA,NYKAA.NS
Federal Bank Ltd.,Financial Services,FEDERALBNK,FEDERALBNK.NS
Fertilisers and Chemicals Travancore Ltd.,Chemicals,FACT,FACT.NS
Fine Organic Industries Ltd.,Chemicals,FINEORG,FINEORG.NS
Finolex Cables Ltd.,Capital Goods,FINCABLES,FINCABLES.NS
Finolex Industries Ltd.,Capital Goods,FINPIPE,FINPIPE.NS
Firstsource Solutions Ltd.,Information Technology,FSL,FSL.NS
Fortis Healthcare Ltd.,Healthcare,FORTIS,FORTIS.NS
G R Infraprojects Ltd.,Construction,GRINFRA,GRINFRA.NS
GAIL (India) Ltd.,Oil Gas & Consumable Fuels,GAIL,GAIL.NS
GMM Pfaudler Ltd.,Capital Goods,GMMPFAUDLR,GMMPFAUDLR.NS
Galaxy Surfactants Ltd.,Chemicals,GALAXYSURF,GALAXYSURF.NS
Garware Technical Fibres Ltd.,Textiles,GARFIBRES,GARFIBRES.NS
General Insurance Corporation of India,Financial Services,GICRE,GICRE.NS
Gland Pharma Ltd.,Healthcare,GLAND,GLAND.NS
Glaxosmithkline Pharmaceuticals Ltd.,Healthcare,GLAXO,GLAXO.NS
Glenmark Life Sciences Ltd.,Healthcare,GLS,GLS.NS
Glenmark Pharmaceuticals Ltd.,Healthcare,GLENMARK,GLENMARK.NS
Go Fashion (India) Ltd.,Consumer Services,GOCOLORS,GOCOLORS.NS
Godfrey Phillips India Ltd.,Fast Moving Consumer Goods,GODFRYPHLP,GODFRYPHLP.NS
Godrej Agrovet Ltd.,Fast Moving Consumer Goods,GODREJAGRO,GODREJAGRO.NS
Godrej Consumer Products Ltd.,Fast Moving Consumer Goods,GODREJCP,GODREJCP.NS
Godrej Industries Ltd.,Fast Moving Consumer Goods,GODREJIND,GODREJIND.NS
Godrej Properties Ltd.,Realty,GODREJPROP,GODREJPROP.NS
Granules India Ltd.,Healthcare,GRANULES,GRANULES.NS
Graphite India Ltd.,Capital Goods,GRAPHITE,GRAPHITE.NS
Grasim Industries Ltd.,Construction Materials,GRASIM,GRASIM.NS
Great Eastern Shipping Co. Ltd.,Services,GESHIP,GESHIP.NS
Grindwell Norton Ltd.,Capital Goods,GRINDWELL,GRINDWELL.NS
Gujarat Alkalies & Chemicals Ltd.,Chemicals,GUJALKALI,GUJALKALI.NS
Gujarat Ambuja Exports Ltd.,Fast Moving Consumer Goods,GAEL,GAEL.NS
Gujarat Fluorochemicals Ltd.,Chemicals,FLUOROCHEM,FLUOROCHEM.NS
Gujarat Gas Ltd.,Oil Gas & Consumable Fuels,GUJGASLTD,GUJGASLTD.NS
Gujarat Narmada Valley Fertilizers and Chemicals Ltd.,Chemicals,GNFC,GNFC.NS
Gujarat Pipavav Port Ltd.,Services,GPPL,GPPL.NS
Gujarat State Fertilizers & Chemicals Ltd.,Chemicals,GSFC,GSFC.NS
Gujarat State Petronet Ltd.,Oil Gas & Consumable Fuels,GSPL,GSPL.NS
H.E.G. Ltd.,Capital Goods,HEG,HEG.NS
HCL Technologies Ltd.,Information Technology,HCLTECH,HCLTECH.NS
HDFC Asset Management Company Ltd.,Financial Services,HDFCAMC,HDFCAMC.NS
HDFC Bank Ltd.,Financial Services,HDFCBANK,HDFCBANK.NS
HDFC Life Insurance Company Ltd.,Financial Services,HDFCLIFE,HDFCLIFE.NS
HFCL Ltd.,Telecommunication,HFCL,HFCL.NS
HLE Glascoat Ltd.,Capital Goods,HLEGLAS,HLEGLAS.NS
Happiest Minds Technologies Ltd.,Information Technology,HAPPSTMNDS,HAPPSTMNDS.NS
Hathway Cable & Datacom Ltd.,Media Entertainment & Publication,HATHWAY,HATHWAY.NS
Hatsun Agro Product Ltd.,Fast Moving Consumer Goods,HATSUN,HATSUN.NS
Havells India Ltd.,Consumer Durables,HAVELLS,HAVELLS.NS
Hemisphere Properties India Ltd.,Realty,HEMIPROP,HEMIPROP.NS
Hero MotoCorp Ltd.,Automobile and Auto Components,HEROMOTOCO,HEROMOTOCO.NS
Hikal Ltd.,Healthcare,HIKAL,HIKAL.NS
Hindalco Industries Ltd.,Metals & Mining,HINDALCO,HINDALCO.NS
Hinduja Global Solutions Ltd.,Services,HGS,HGS.NS
Hindustan Aeronautics Ltd.,Capital Goods,HAL,HAL.NS
Hindustan Copper Ltd.,Metals & Mining,HINDCOPPER,HINDCOPPER.NS
Hindustan Petroleum Corporation Ltd.,Oil Gas & Consumable Fuels,HINDPETRO,HINDPETRO.NS
Hindustan Unilever Ltd.,Fast Moving Consumer Goods,HINDUNILVR,HINDUNILVR.NS
Hindustan Zinc Ltd.,Metals & Mining,HINDZINC,HINDZINC.NS
Hitachi Energy India Ltd.,Capital Goods,POWERINDIA,POWERINDIA.NS
Home First Finance Company India Ltd.,Financial Services,HOMEFIRST,HOMEFIRST.NS
Honeywell Automation India Ltd.,Capital Goods,HONAUT,HONAUT.NS
Housing & Urban Development Corporation Ltd.,Financial Services,HUDCO,HUDCO.NS
Housing Development Finance Corporation Ltd.,Financial Services,HDFC,HDFC.NS
ICICI Bank Ltd.,Financial Services,ICICIBANK,ICICIBANK.NS
ICICI Lombard General Insurance Company Ltd.,Financial Services,ICICIGI,ICICIGI.NS
ICICI Prudential Life Insurance Company Ltd.,Financial Services,ICICIPRULI,ICICIPRULI.NS
ICICI Securities Ltd.,Financial Services,ISEC,ISEC.NS
IDBI Bank Ltd.,Financial Services,IDBI,IDBI.NS
IDFC First Bank Ltd.,Financial Services,IDFCFIRSTB,IDFCFIRSTB.NS
IDFC Ltd.,Financial Services,IDFC,IDFC.NS
IFB Industries Ltd.,Consumer Durables,IFBIND,IFBIND.NS
IIFL Finance Ltd.,Financial Services,IIFL,IIFL.NS
IIFL Wealth Management Ltd.,Financial Services,IIFLWAM,IIFLWAM.NS
IRB Infrastructure Developers Ltd.,Construction,IRB,IRB.NS
IRCON International Ltd.,Construction,IRCON,IRCON.NS
ITC Ltd.,Fast Moving Consumer Goods,ITC,ITC.NS
ITI Ltd.,Telecommunication,ITI,ITI.NS
India Cements Ltd.,Construction Materials,INDIACEM,INDIACEM.NS
Indiabulls Housing Finance Ltd.,Financial Services,IBULHSGFIN,IBULHSGFIN.NS
Indiabulls Real Estate Ltd.,Realty,IBREALEST,IBREALEST.NS
Indiamart Intermesh Ltd.,Consumer Services,INDIAMART,INDIAMART.NS
Indian Bank,Financial Services,INDIANB,INDIANB.NS
Indian Energy Exchange Ltd.,Financial Services,IEX,IEX.NS
Indian Hotels Co. Ltd.,Consumer Services,INDHOTEL,INDHOTEL.NS
Indian Oil Corporation Ltd.,Oil Gas & Consumable Fuels,IOC,IOC.NS
Indian Overseas Bank,Financial Services,IOB,IOB.NS
Indian Railway Catering And Tourism Corporation Ltd.,Consumer Services,IRCTC,IRCTC.NS
Indian Railway Finance Corporation Ltd.,Financial Services,IRFC,IRFC.NS
Indigo Paints Ltd.,Consumer Durables,INDIGOPNTS,INDIGOPNTS.NS
Indo Count Industries Ltd.,Textiles,ICIL,ICIL.NS
Indoco Remedies Ltd.,Healthcare,INDOCO,INDOCO.NS
Indraprastha Gas Ltd.,Oil Gas & Consumable Fuels,IGL,IGL.NS
Indus Towers Ltd.,Telecommunication,INDUSTOWER,INDUSTOWER.NS
IndusInd Bank Ltd.,Financial Services,INDUSINDBK,INDUSINDBK.NS
Infibeam Avenues Ltd.,Information Technology,INFIBEAM,INFIBEAM.NS
Info Edge (India) Ltd.,Consumer Services,NAUKRI,NAUKRI.NS
Infosys Ltd.,Information Technology,INFY,INFY.NS
Inox Leisure Ltd.,Media Entertainment & Publication,INOXLEISUR,INOXLEISUR.NS
Intellect Design Arena Ltd.,Information Technology,INTELLECT,INTELLECT.NS
InterGlobe Aviation Ltd.,Services,INDIGO,INDIGO.NS
Ipca Laboratories Ltd.,Healthcare,IPCALAB,IPCALAB.NS
J.B. Chemicals & Pharmaceuticals Ltd.,Healthcare,JBCHEPHARM,JBCHEPHARM.NS
J.K. Cement Ltd.,Construction Materials,JKCEMENT,JKCEMENT.NS
JK Lakshmi Cement Ltd.,Construction Materials,JKLAKSHMI,JKLAKSHMI.NS
JK Paper Ltd.,Forest Materials,JKPAPER,JKPAPER.NS
JM Financial Ltd.,Financial Services,JMFINANCIL,JMFINANCIL.NS
JSW Energy Ltd.,Power,JSWENERGY,JSWENERGY.NS
JSW Steel Ltd.,Metals & Mining,JSWSTEEL,JSWSTEEL.NS
Jamna Auto Industries Ltd.,Automobile and Auto Components,JAMNAAUTO,JAMNAAUTO.NS
Jindal Stainless (Hisar) Ltd.,Capital Goods,JSLHISAR,JSLHISAR.NS
Jindal Stainless Ltd.,Metals & Mining,JSL,JSL.NS
Jindal Steel & Power Ltd.,Metals & Mining,JINDALSTEL,JINDALSTEL.NS
Jubilant Foodworks Ltd.,Consumer Services,JUBLFOOD,JUBLFOOD.NS
Jubilant Ingrevia Ltd.,Chemicals,JUBLINGREA,JUBLINGREA.NS
Jubilant Pharmova Ltd.,Healthcare,JUBLPHARMA,JUBLPHARMA.NS
Justdial Ltd.,Consumer Services,JUSTDIAL,JUSTDIAL.NS
Jyothy Labs Ltd.,Fast Moving Consumer Goods,JYOTHYLAB,JYOTHYLAB.NS
K.P.R. Mill Ltd.,Textiles,KPRMILL,KPRMILL.NS
KEI Industries Ltd.,Capital Goods,KEI,KEI.NS
KNR Constructions Ltd.,Construction,KNRCON,KNRCON.NS
KPIT Technologies Ltd.,Information Technology,KPITTECH,KPITTECH.NS
KRBL Ltd.,Fast Moving Consumer Goods,KRBL,KRBL.NS
Kajaria Ceramics Ltd.,Consumer Durables,KAJARIACER,KAJARIACER.NS
Kalpataru Power Transmission Ltd.,Construction,KALPATPOWR,KALPATPOWR.NS
Kalyan Jewellers India Ltd.,Consumer Durables,KALYANKJIL,KALYANKJIL.NS
Kansai Nerolac Paints Ltd.,Consumer Durables,KANSAINER,KANSAINER.NS
Karur Vysya Bank Ltd.,Financial Services,KARURVYSYA,KARURVYSYA.NS
Kec International Ltd.,Capital Goods,KEC,KEC.NS
Kotak Mahindra Bank Ltd.,Financial Services,KOTAKBANK,KOTAKBANK.NS
Krishna Institute of Medical Sciences Ltd.,Healthcare,KIMS,KIMS.NS
L&T Finance Holdings Ltd.,Financial Services,L&TFH,L&TFH.NS
L&T Technology Services Ltd.,Information Technology,LTTS,LTTS.NS
LIC Housing Finance Ltd.,Financial Services,LICHSGFIN,LICHSGFIN.NS
Lakshmi Machine Works Ltd.,Capital Goods,LAXMIMACH,LAXMIMACH.NS
Larsen & Toubro Infotech Ltd.,Information Technology,LTI,LTI.NS
Larsen & Toubro Ltd.,Construction,LT,LT.NS
Latent View Analytics Ltd.,Information Technology,LATENTVIEW,LATENTVIEW.NS
Laurus Labs Ltd.,Healthcare,LAURUSLABS,LAURUSLABS.NS
Laxmi Organic Industries Ltd.,Chemicals,LXCHEM,LXCHEM.NS
Linde India Ltd.,Chemicals,LINDEINDIA,LINDEINDIA.NS
Lupin Ltd.,Healthcare,LUPIN,LUPIN.NS
Lux Industries Ltd.,Textiles,LUXIND,LUXIND.NS
MMTC Ltd.,Services,MMTC,MMTC.NS
MOIL Ltd.,Metals & Mining,MOIL,MOIL.NS
MRF Ltd.,Automobile and Auto Components,MRF,MRF.NS
MTAR Technologies Ltd.,Capital Goods,MTARTECH,MTARTECH.NS
Macrotech Developers Ltd.,Realty,LODHA,LODHA.NS
Mahanagar Gas Ltd.,Oil Gas & Consumable Fuels,MGL,MGL.NS
Mahindra & Mahindra Financial Services Ltd.,Financial Services,M&MFIN,M&MFIN.NS
Mahindra & Mahindra Ltd.,Automobile and Auto Components,M&M,M&M.NS
Mahindra CIE Automotive Ltd.,Automobile and Auto Components,MAHINDCIE,MAHINDCIE.NS
Mahindra Holidays & Resorts India Ltd.,Consumer Services,MHRIL,MHRIL.NS
Mahindra Logistics Ltd.,Services,MAHLOG,MAHLOG.NS
Manappuram Finance Ltd.,Financial Services,MANAPPURAM,MANAPPURAM.NS
Mangalore Refinery & Petrochemicals Ltd.,Oil Gas & Consumable Fuels,MRPL,MRPL.NS
Marico Ltd.,Fast Moving Consumer Goods,MARICO,MARICO.NS
Maruti Suzuki India Ltd.,Automobile and Auto Components,MARUTI,MARUTI.NS
Mastek Ltd.,Information Technology,MASTEK,MASTEK.NS
Max Financial Services Ltd.,Financial Services,MFSL,MFSL.NS
Max Healthcare Institute Ltd.,Healthcare,MAXHEALTH,MAXHEALTH.NS
Mazagoan Dock Shipbuilders Ltd.,Capital Goods,MAZDOCK,MAZDOCK.NS
Medplus Health Services Ltd.,Consumer Services,MEDPLUS,MEDPLUS.NS
Metro Brands Ltd.,Consumer Durables,METROBRAND,METROBRAND.NS
Metropolis Healthcare Ltd.,Healthcare,METROPOLIS,METROPOLIS.NS
MindTree Ltd.,Information Technology,MINDTREE,MINDTREE.NS
Minda Industries Ltd.,Automobile and Auto Components,MINDAIND,MINDAIND.NS
Motilal Oswal Financial Services Ltd.,Financial Services,MOTILALOFS,MOTILALOFS.NS
MphasiS Ltd.,Information Technology,MPHASIS,MPHASIS.NS
Multi Commodity Exchange of India Ltd.,Financial Services,MCX,MCX.NS
Muthoot Finance Ltd.,Financial Services,MUTHOOTFIN,MUTHOOTFIN.NS
NATCO Pharma Ltd.,Healthcare,NATCOPHARM,NATCOPHARM.NS
NBCC (India) Ltd.,Construction,NBCC,NBCC.NS
NCC Ltd.,Construction,NCC,NCC.NS
NESCO Ltd.,Services,NESCO,NESCO.NS
NHPC Ltd.,Power,NHPC,NHPC.NS
NLC India Ltd.,Power,NLCINDIA,NLCINDIA.NS
NMDC Ltd.,Metals & Mining,NMDC,NMDC.NS
NOCIL Ltd.,Chemicals,NOCIL,NOCIL.NS
NTPC Ltd.,Power,NTPC,NTPC.NS
Narayana Hrudayalaya Ltd.,Healthcare,NH,NH.NS
National Aluminium Co. Ltd.,Metals & Mining,NATIONALUM,NATIONALUM.NS
Navin Fluorine International Ltd.,Chemicals,NAVINFLUOR,NAVINFLUOR.NS
Nazara Technologies Ltd.,Media Entertainment & Publication,NAZARA,NAZARA.NS
Nestle India Ltd.,Fast Moving Consumer Goods,NESTLEIND,NESTLEIND.NS
Network18 Media & Investments Ltd.,Media Entertainment & Publication,NETWORK18,NETWORK18.NS
Nippon Life India Asset Management Ltd.,Financial Services,NAM-INDIA,NAM-INDIA.NS
Nuvoco Vistas Corporation Ltd.,Construction Materials,NUVOCO,NUVOCO.NS
Oberoi Realty Ltd.,Realty,OBEROIRLTY,OBEROIRLTY.NS
Oil & Natural Gas Corporation Ltd.,Oil Gas & Consumable Fuels,ONGC,ONGC.NS
Oil India Ltd.,Oil Gas & Consumable Fuels,OIL,OIL.NS
One 97 Communications Ltd.,Financial Services,PAYTM,PAYTM.NS
Oracle Financial Services Software Ltd.,Information Technology,OFSS,OFSS.NS
Orient Electric Ltd.,Consumer Durables,ORIENTELEC,ORIENTELEC.NS
PB Fintech Ltd.,Financial Services,POLICYBZR,POLICYBZR.NS
PCBL Ltd.,Chemicals,PCBL,PCBL.NS
PI Industries Ltd.,Chemicals,PIIND,PIIND.NS
PNB Housing Finance Ltd.,Financial Services,PNBHOUSING,PNBHOUSING.NS
PNC Infratech Ltd.,Construction,PNCINFRA,PNCINFRA.NS
PVR Ltd.,Media Entertainment & Publication,PVR,PVR.NS
Page Industries Ltd.,Textiles,PAGEIND,PAGEIND.NS
Persistent Systems Ltd.,Information Technology,PERSISTENT,PERSISTENT.NS
Petronet LNG Ltd.,Oil Gas & Consumable Fuels,PETRONET,PETRONET.NS
Pfizer Ltd.,Healthcare,PFIZER,PFIZER.NS
Phoenix Mills Ltd.,Realty,PHOENIXLTD,PHOENIXLTD.NS
Pidilite Industries Ltd.,Chemicals,PIDILITIND,PIDILITIND.NS
Piramal Enterprises Ltd.,Financial Services,PEL,PEL.NS
Poly Medicure Ltd.,Healthcare,POLYMED,POLYMED.NS
Polycab India Ltd.,Capital Goods,POLYCAB,POLYCAB.NS
Polyplex Corporation Ltd.,Capital Goods,POLYPLEX,POLYPLEX.NS
Poonawalla Fincorp Ltd.,Financial Services,POONAWALLA,POONAWALLA.NS
Power Finance Corporation Ltd.,Financial Services,PFC,PFC.NS
Power Grid Corporation of India Ltd.,Power,POWERGRID,POWERGRID.NS
Praj Industries Ltd.,Capital Goods,PRAJIND,PRAJIND.NS
Prestige Estates Projects Ltd.,Realty,PRESTIGE,PRESTIGE.NS
Prince Pipes and Fittings Ltd.,Capital Goods,PRINCEPIPE,PRINCEPIPE.NS
Prism Johnson Ltd.,Construction Materials,PRSMJOHNSN,PRSMJOHNSN.NS
Privi Speciality Chemicals Ltd.,Chemicals,PRIVISCL,PRIVISCL.NS
Procter & Gamble Health Ltd.,Healthcare,PGHL,PGHL.NS
Procter & Gamble Hygiene & Health Care Ltd.,Fast Moving Consumer Goods,PGHH,PGHH.NS
Punjab National Bank,Financial Services,PNB,PNB.NS
Quess Corp Ltd.,Services,QUESS,QUESS.NS
RBL Bank Ltd.,Financial Services,RBLBANK,RBLBANK.NS
REC Ltd.,Financial Services,RECLTD,RECLTD.NS
RHI MAGNESITA INDIA LTD.,Capital Goods,RHIM,RHIM.NS
RITES Ltd.,Construction,RITES,RITES.NS
Radico Khaitan Ltd,Fast Moving Consumer Goods,RADICO,RADICO.NS
Rail Vikas Nigam Ltd.,Construction,RVNL,RVNL.NS
Railtel Corporation Of India Ltd.,Telecommunication,RAILTEL,RAILTEL.NS
Rain Industries Ltd,Chemicals,RAIN,RAIN.NS
Rajesh Exports Ltd.,Consumer Durables,RAJESHEXPO,RAJESHEXPO.NS
Rallis India Ltd.,Chemicals,RALLIS,RALLIS.NS
Rashtriya Chemicals & Fertilizers Ltd.,Chemicals,RCF,RCF.NS
Ratnamani Metals & Tubes Ltd.,Capital Goods,RATNAMANI,RATNAMANI.NS
RattanIndia Enterprises Ltd.,Services,RTNINDIA,RTNINDIA.NS
Redington (India) Ltd.,Services,REDINGTON,REDINGTON.NS
Relaxo Footwears Ltd.,Consumer Durables,RELAXO,RELAXO.NS
Reliance Industries Ltd.,Oil Gas & Consumable Fuels,RELIANCE,RELIANCE.NS
Restaurant Brands Asia Ltd.,Consumer Services,RBA,RBA.NS
Rossari Biotech Ltd.,Chemicals,ROSSARI,ROSSARI.NS
Route Mobile Ltd.,Telecommunication,ROUTE,ROUTE.NS
SBI Cards and Payment Services Ltd.,Financial Services,SBICARD,SBICARD.NS
SBI Life Insurance Company Ltd.,Financial Services,SBILIFE,SBILIFE.NS
SIS Ltd.,Services,SIS,SIS.NS
SJVN Ltd.,Power,SJVN,SJVN.NS
SKF India Ltd.,Capital Goods,SKFINDIA,SKFINDIA.NS
SRF Ltd.,Chemicals,SRF,SRF.NS
Sanofi India Ltd.,Healthcare,SANOFI,SANOFI.NS
Sapphire Foods India Ltd.,Consumer Services,SAPPHIRE,SAPPHIRE.NS
Saregama India Ltd,Media Entertainment & Publication,SAREGAMA,SAREGAMA.NS
Schaeffler India Ltd.,Automobile and Auto Components,SCHAEFFLER,SCHAEFFLER.NS
Sequent Scientific Ltd.,Healthcare,SEQUENT,SEQUENT.NS
Sheela Foam Ltd.,Consumer Durables,SFL,SFL.NS
Shilpa Medicare Ltd.,Healthcare,SHILPAMED,SHILPAMED.NS
Shipping Corporation of India Ltd.,Services,SCI,SCI.NS
Shree Cement Ltd.,Construction Materials,SHREECEM,SHREECEM.NS
Shree Renuka Sugars Ltd.,Fast Moving Consumer Goods,RENUKA,RENUKA.NS
Shriram City Union Finance Ltd.,Financial Services,SHRIRAMCIT,SHRIRAMCIT.NS
Shriram Transport Finance Co. Ltd.,Financial Services,SRTRANSFIN,SRTRANSFIN.NS
Shyam Metalics and Energy Ltd.,Metals & Mining,SHYAMMETL,SHYAMMETL.NS
Siemens Ltd.,Capital Goods,SIEMENS,SIEMENS.NS
Sobha Ltd.,Realty,SOBHA,SOBHA.NS
Solar Industries India Ltd.,Chemicals,SOLARINDS,SOLARINDS.NS
Solara Active Pharma Sciences Ltd.,Healthcare,SOLARA,SOLARA.NS
Sona BLW Precision Forgings Ltd.,Automobile and Auto Components,SONACOMS,SONACOMS.NS
Sonata Software Ltd.,Information Technology,SONATSOFTW,SONATSOFTW.NS
Spicejet Ltd.,Services,SPICEJET,SPICEJET.NS
Star Health and Allied Insurance Company Ltd.,Financial Services,STARHEALTH,STARHEALTH.NS
State Bank of India,Financial Services,SBIN,SBIN.NS
Steel Authority of India Ltd.,Metals & Mining,SAIL,SAIL.NS
Sterling and Wilson Renewable Energy Ltd.,Construction,SWSOLAR,SWSOLAR.NS
Sterlite Technologies Ltd.,Telecommunication,STLTECH,STLTECH.NS
Strides Pharma Science Ltd.,Healthcare,STAR,STAR.NS
Sudarshan Chemical Industries Ltd.,Chemicals,SUDARSCHEM,SUDARSCHEM.NS
Sumitomo Chemical India Ltd.,Chemicals,SUMICHEM,SUMICHEM.NS
Sun Pharma Advanced Research Company Ltd.,Healthcare,SPARC,SPARC.NS
Sun Pharmaceutical Industries Ltd.,Healthcare,SUNPHARMA,SUNPHARMA.NS
Sun TV Network Ltd.,Media Entertainment & Publication,SUNTV,SUNTV.NS
Sundaram Finance Ltd.,Financial Services,SUNDARMFIN,SUNDARMFIN.NS
Sundram Fasteners Ltd.,Automobile and Auto Components,SUNDRMFAST,SUNDRMFAST.NS
Sunteck Realty Ltd.,Realty,SUNTECK,SUNTECK.NS
Suprajit Engineering Ltd.,Automobile and Auto Components,SUPRAJIT,SUPRAJIT.NS
Supreme Industries Ltd.,Capital Goods,SUPREMEIND,SUPREMEIND.NS
Suven Pharmaceuticals Ltd.,Healthcare,SUVENPHAR,SUVENPHAR.NS
Suzlon Energy Ltd.,Capital Goods,SUZLON,SUZLON.NS
Symphony Ltd.,Consumer Durables,SYMPHONY,SYMPHONY.NS
Syngene International Ltd.,Healthcare,SYNGENE,SYNGENE.NS
TCI Express Ltd.,Services,TCIEXP,TCIEXP.NS
TCNS Clothing Co. Ltd.,Textiles,TCNSBRANDS,TCNSBRANDS.NS
TTK Prestige Ltd.,Consumer Durables,TTKPRESTIG,TTKPRESTIG.NS
TV18 Broadcast Ltd.,Media Entertainment & Publication,TV18BRDCST,TV18BRDCST.NS
TVS Motor Company Ltd.,Automobile and Auto Components,TVSMOTOR,TVSMOTOR.NS
Tanla Platforms Ltd.,Information Technology,TANLA,TANLA.NS
Tata Chemicals Ltd.,Chemicals,TATACHEM,TATACHEM.NS
Tata Coffee Ltd.,Fast Moving Consumer Goods,TATACOFFEE,TATACOFFEE.NS
Tata Communications Ltd.,Telecommunication,TATACOMM,TATACOMM.NS
Tata Consultancy Services Ltd.,Information Technology,TCS,TCS.NS
Tata Consumer Products Ltd.,Fast Moving Consumer Goods,TATACONSUM,TATACONSUM.NS
Tata Elxsi Ltd.,Information Technology,TATAELXSI,TATAELXSI.NS
Tata Investment Corporation Ltd.,Financial Services,TATAINVEST,TATAINVEST.NS
Tata Motors Ltd DVR,Automobile and Auto Components,TATAMTRDVR,TATAMTRDVR.NS
Tata Motors Ltd.,Automobile and Auto Components,TATAMOTORS,TATAMOTORS.NS
Tata Power Co. Ltd.,Power,TATAPOWER,TATAPOWER.NS
Tata Steel Long Products Ltd.,Capital Goods,TATASTLLP,TATASTLLP.NS
Tata Steel Ltd.,Metals & Mining,TATASTEEL,TATASTEEL.NS
Tata Teleservices (Maharashtra) Ltd.,Telecommunication,TTML,TTML.NS
Teamlease Services Ltd.,Services,TEAMLEASE,TEAMLEASE.NS
Tech Mahindra Ltd.,Information Technology,TECHM,TECHM.NS
The New India Assurance Company Ltd.,Financial Services,NIACL,NIACL.NS
The Ramco Cements Ltd.,Construction Materials,RAMCOCEM,RAMCOCEM.NS
Thermax Ltd.,Capital Goods,THERMAX,THERMAX.NS
Thyrocare Technologies Ltd.,Healthcare,THYROCARE,THYROCARE.NS
Timken India Ltd.,Capital Goods,TIMKEN,TIMKEN.NS
Titan Company Ltd.,Consumer Durables,TITAN,TITAN.NS
Torrent Pharmaceuticals Ltd.,Healthcare,TORNTPHARM,TORNTPHARM.NS
Torrent Power Ltd.,Power,TORNTPOWER,TORNTPOWER.NS
Trent Ltd.,Consumer Services,TRENT,TRENT.NS
Trident Ltd.,Textiles,TRIDENT,TRIDENT.NS
Triveni Turbine Ltd.,Capital Goods,TRITURBINE,TRITURBINE.NS
Tube Investments of India Ltd.,Automobile and Auto Components,TIINDIA,TIINDIA.NS
UCO Bank,Financial Services,UCOBANK,UCOBANK.NS
UFLEX Ltd.,Capital Goods,UFLEX,UFLEX.NS
UPL Ltd.,Chemicals,UPL,UPL.NS
UTI Asset Management Company Ltd.,Financial Services,UTIAMC,UTIAMC.NS
UltraTech Cement Ltd.,Construction Materials,ULTRACEMCO,ULTRACEMCO.NS
Union Bank of India,Financial Services,UNIONBANK,UNIONBANK.NS
United Breweries Ltd.,Fast Moving Consumer Goods,UBL,UBL.NS
United Spirits Ltd.,Fast Moving Consumer Goods,MCDOWELL-N,MCDOWELL-N.NS
V-Guard Industries Ltd.,Consumer Durables,VGUARD,VGUARD.NS
V-Mart Retail Ltd.,Consumer Services,VMART,VMART.NS
V.I.P. Industries Ltd.,Consumer Durables,VIPIND,VIPIND.NS
Vaibhav Global Ltd.,Consumer Services,VAIBHAVGBL,VAIBHAVGBL.NS
Vakrangee Ltd.,Information Technology,VAKRANGEE,VAKRANGEE.NS
Vardhman Textiles Ltd.,Textiles,VTL,VTL.NS
Varroc Engineering Ltd.,Automobile and Auto Components,VARROC,VARROC.NS
Varun Beverages Ltd.,Fast Moving Consumer Goods,VBL,VBL.NS
Vedanta Ltd.,Metals & Mining,VEDL,VEDL.NS
Venky's (India) Ltd.,Fast Moving Consumer Goods,VENKEYS,VENKEYS.NS
Vijaya Diagnostic Centre Ltd.,Healthcare,VIJAYA,VIJAYA.NS
Vinati Organics Ltd.,Chemicals,VINATIORGA,VINATIORGA.NS
Vodafone Idea Ltd.,Telecommunication,IDEA,IDEA.NS
Voltas Ltd.,Consumer Durables,VOLTAS,VOLTAS.NS
Welspun Corp Ltd.,Capital Goods,WELCORP,WELCORP.NS
Welspun India Ltd.,Textiles,WELSPUNIND,WELSPUNIND.NS
Westlife Development Ltd.,Consumer Services,WESTLIFE,WESTLIFE.NS
Whirlpool of India Ltd.,Consumer Durables,WHIRLPOOL,WHIRLPOOL.NS
Wipro Ltd.,Information Technology,WIPRO,WIPRO.NS
Wockhardt Ltd.,Healthcare,WOCKPHARMA,WOCKPHARMA.NS
Yes Bank Ltd.,Financial Services,YESBANK,YESBANK.NS
ZF Commercial Vehicle Control Systems India Ltd.,Automobile and Auto Components,ZFCVINDIA,ZFCVINDIA.NS
Zee Entertainment Enterprises Ltd.,Media Entertainment & Publication,ZEEL,ZEEL.NS
Zensar Technolgies Ltd.,Information Technology,ZENSARTECH,ZENSARTECH.NS
Zomato Ltd.,Consumer Services,ZOMATO,ZOMATO.NS
Zydus Lifesciences Ltd.,Healthcare,ZYDUSLIFE,ZYDUSLIFE.NS
Zydus Wellness Ltd.,Fast Moving Consumer Goods,ZYDUSWELL,ZYDUSWELL.NS
eClerx Services Ltd.,Services,ECLERX,ECLERX.NS
